movie_id,release_date,title,filmaffinity_url,poster_url,duration_min,year,country_code,genres,synopsis_short,director,cast_top,rating_avg,rating_count,theaters_count,theaters_url,trailer_available,scraped_at
134886,2026-02-20,"Balandrau, viento salvaje",https://www.filmaffinity.com/es/film134886.html,https://pics.filmaffinity.com/balandrau_vent_salvatge-616105518-large.jpg,116,2026,ES,[],"El 30 de diciembre del 2000, un grupo de amigos se disponen a realizar el ascenso al Balandrau. El sol acompaña a los ... [+]","[{""name"": ""Fernando Trullols"", ""url"": ""https://www.filmaffinity.com/es/name.php?name-id=240514449""}]","[{""name"": ""Álvaro Cervantes"", ""url"": ""https://www.filmaffinity.com/es/name.php?name-id=413416766""}, {""name"": ""Bruna Cusí"", ""url"": ""https://www.filmaffinity.com/es/name.php?name-id=607155113""}, {""name"": ""Marc Martínez"", ""url"": ""https://www.filmaffinity.com/es/name.php?name-id=136699192""}, {""name"": ""Eduardo Lloveras"", ""url"": ""https://www.filmaffinity.com/es/name.php?name-id=502049681""}, {""name"": ""Àgata Roca"", ""url"": ""https://www.filmaffinity.com/es/name.php?name-id=683578834""}]",6.5,,39,https://www.filmaffinity.com/es/cityTheaters.php?movie_id=134886,True,2026-02-19T19:52:21Z
457500,2026-02-20,El agente secreto,https://www.filmaffinity.com/es/film457500.html,https://pics.filmaffinity.com/o_agente_secreto-885329777-large.jpg,158,2025,BR,[],"En 1977, durante la dictadura militar brasileña, Marcelo, un profesor que huye de un pasado turbulento, regresa huyendo ... [+]","[{""name"": ""Kleber Mendonça Filho"", ""url"": ""https://www.filmaffinity.com/es/name.php?name-id=647903915""}]","[{""name"": ""Wagner Moura"", ""url"": ""https://www.filmaffinity.com/es/name.php?name-id=506445838""}, {""name"": ""Gabriel Leone"", ""url"": ""https://www.filmaffinity.com/es/name.php?name-id=947224275""}, {""name"": ""Hermila Guedes"", ""url"": ""https://www.filmaffinity.com/es/name.php?name-id=698953364""}, {""name"": ""Tânia Maria"", ""url"": ""https://www.filmaffinity.com/es/name.php?name-id=819940715""}, {""name"": ""Maria Fernanda Cândido"", ""url"": ""https://www.filmaffinity.com/es/name.php?name-id=916017011""}]",6.9,,139,https://www.filmaffinity.com/es/cityTheaters.php?movie_id=457500,True,2026-02-19T19:52:21Z
691627,2026-02-20,El fantasma de mi mujer,https://www.filmaffinity.com/es/film691627.html,https://pics.filmaffinity.com/el_fantasma_de_mi_mujer-671992522-large.jpg,95,2026,ES,[],Fernando vive un matrimonio tranquilo con María mientras tiene un lío con Julia. Una noche recibe la llamada de su ... [+],"[{""name"": ""María Ripoll"", ""url"": ""https://www.filmaffinity.com/es/name.php?name-id=952931143""}]","[{""name"": ""Javier Rey"", ""url"": ""https://www.filmaffinity.com/es/name.php?name-id=352863573""}, {""name"": ""Loreto Mauleón"", ""url"": ""https://www.filmaffinity.com/es/name.php?name-id=138446240""}, {""name"": ""María Hervás"", ""url"": ""https://www.filmaffinity.com/es/name.php?name-id=941076094""}, {""name"": ""Marco Cáceres"", ""url"": ""https://www.filmaffinity.com/es/name.php?name-id=644872650""}, {""name"": ""Macarena Gómez"", ""url"": ""https://www.filmaffinity.com/es/name.php?name-id=674601768""}]",5.1,,105,https://www.filmaffinity.com/es/cityTheaters.php?movie_id=691627,True,2026-02-19T19:52:21Z
853860,2026-02-20,Greenland 2,https://www.filmaffinity.com/es/film853860.html,https://pics.filmaffinity.com/greenland_2_migration-456803940-large.jpg,98,2026,US,[],"Después de sobrevivir al fin del mundo por la caída de un cometa, Jeff Garrity, junto con su mujer Allison y su hijo ... [+]","[{""name"": ""Ric Roman Waugh"", ""url"": ""https://www.filmaffinity.com/es/name.php?name-id=520022683""}]","[{""name"": ""Gerard Butler"", ""url"": ""https://www.filmaffinity.com/es/name.php?name-id=733085839""}, {""name"": ""Morena Baccarin"", ""url"": ""https://www.filmaffinity.com/es/name.php?name-id=141408172""}, {""name"": ""Roman Griffin Davis"", ""url"": ""https://www.filmaffinity.com/es/name.php?name-id=385056468""}, {""name"": ""Amber Rose Revah"", ""url"": ""https://www.filmaffinity.com/es/name.php?name-id=861775195""}, {""name"": ""Trond Fausa"", ""url"": ""https://www.filmaffinity.com/es/name.php?name-id=217031843""}]",4.2,,180,https://www.filmaffinity.com/es/cityTheaters.php?movie_id=853860,True,2026-02-19T19:52:21Z
659041,2026-02-20,Inmaculada,https://www.filmaffinity.com/es/film659041.html,https://pics.filmaffinity.com/i_am_the_immaculate_conception-222899129-large.jpg,80,2024,PL,"[""Documental""]","'Soy Inmaculada Concepción' es como María, la Madre de Dios, se presentó a Santa Bernadette en 1858 en Lourdes, Francia. ... [+]","[{""name"": ""Michał Kondrat"", ""url"": ""https://www.filmaffinity.com/es/name.php?name-id=225736092""}]","[{""name"": ""Dominika Handzlik"", ""url"": ""https://www.filmaffinity.com/es/name.php?name-id=765076390""}, {""name"": ""Maria Juzwin"", ""url"": ""https://www.filmaffinity.com/es/name.php?name-id=297797193""}, {""name"": ""Dorota Liliental"", ""url"": ""https://www.filmaffinity.com/es/name.php?name-id=179178012""}, {""name"": ""Karol Nowinski"", ""url"": ""https://www.filmaffinity.com/es/name.php?name-id=829939692""}]",,,27,https://www.filmaffinity.com/es/cityTheaters.php?movie_id=659041,True,2026-02-19T19:52:21Z
397872,2026-02-20,La boda,https://www.filmaffinity.com/es/film397872.html,https://pics.filmaffinity.com/la_boda-745485278-large.jpg,103,2025,ES,[],"Felisa es una mujer de espíritu libre, con los problemas que ello conlleva en un entorno rural. En varias ocasiones se ... [+]","[{""name"": ""Pedro Cenjor"", ""url"": ""https://www.filmaffinity.com/es/name.php?name-id=708950681""}]","[{""name"": ""Elena Furiase"", ""url"": ""https://www.filmaffinity.com/es/name.php?name-id=516884523""}, {""name"": ""Daniel Chamorro"", ""url"": ""https://www.filmaffinity.com/es/name.php?name-id=868005261""}, {""name"": ""Margarita Lascoiti"", ""url"": ""https://www.filmaffinity.com/es/name.php?name-id=673262429""}, {""name"": ""Antonio Dechent"", ""url"": ""https://www.filmaffinity.com/es/name.php?name-id=296886485""}, {""name"": ""María Jesús Hoyos"", ""url"": ""https://www.filmaffinity.com/es/name.php?name-id=306111396""}]",,,5,https://www.filmaffinity.com/es/cityTheaters.php?movie_id=397872,True,2026-02-19T19:52:21Z
870836,2026-02-20,La maldición de Shelby Oaks,https://www.filmaffinity.com/es/film870836.html,https://pics.filmaffinity.com/shelby_oaks-323974425-large.jpg,99,2024,US,[],"Cuando un documentalista descubre una nueva pista perturbadora, la búsqueda desesperada de una mujer por su hermana ... [+]","[{""name"": ""Chris Stuckmann"", ""url"": ""https://www.filmaffinity.com/es/name.php?name-id=669677195""}]","[{""name"": ""Camille Sullivan"", ""url"": ""https://www.filmaffinity.com/es/name.php?name-id=976138460""}, {""name"": ""Brenna Sherman"", ""url"": ""https://www.filmaffinity.com/es/name.php?name-id=595543097""}, {""name"": ""Brendan Sexton III"", ""url"": ""https://www.filmaffinity.com/es/name.php?name-id=214997431""}, {""name"": ""Michael Beach"", ""url"": ""https://www.filmaffinity.com/es/name.php?name-id=420474490""}, {""name"": ""Sarah Durn"", ""url"": ""https://www.filmaffinity.com/es/name.php?name-id=204888156""}]",5.4,,71,https://www.filmaffinity.com/es/cityTheaters.php?movie_id=870836,True,2026-02-19T19:52:21Z
409255,2026-02-20,Las líneas discontinuas,https://www.filmaffinity.com/es/film409255.html,https://pics.filmaffinity.com/as_linas_descontinuas-356457295-large.jpg,90,2025,ES,[],Bea es una mujer de 50 años que se está separando de su marido. El día en el que tiene que abandonar el hogar en el que ... [+],"[{""name"": ""Anxos Fazáns"", ""url"": ""https://www.filmaffinity.com/es/name.php?name-id=251665032""}]","[{""name"": ""Mara Sánchez"", ""url"": ""https://www.filmaffinity.com/es/name.php?name-id=140243814""}, {""name"": ""Adam Prieto"", ""url"": ""https://www.filmaffinity.com/es/name.php?name-id=829246621""}, {""name"": ""Alberto Rolán"", ""url"": ""https://www.filmaffinity.com/es/name.php?name-id=232730378""}, {""name"": ""Ana Fórneas"", ""url"": ""https://www.filmaffinity.com/es/name.php?name-id=590274056""}, {""name"": ""Lidia Veiga"", ""url"": ""https://www.filmaffinity.com/es/name.php?name-id=478540638""}, {""name"": ""Mónica García"", ""url"": ""https://www.filmaffinity.com/es/name.php?name-id=101628556""}]",6.1,,6,https://www.filmaffinity.com/es/cityTheaters.php?movie_id=409255,True,2026-02-19T19:52:21Z
210175,2026-02-20,Little Amélie,https://www.filmaffinity.com/es/film210175.html,https://pics.filmaffinity.com/amelie_et_la_metaphysique_des_tubes-836480811-large.jpg,77,2025,FR,[],"Hasta los dos años y medio, Amélie se describía como un tubo digestivo inerte y vegetativo. Luego llega el ... [+]","[{""name"": ""Mailys Vallade"", ""url"": ""https://www.filmaffinity.com/es/name.php?name-id=600817417""}, {""name"": ""Liane-Cho Han Jin Kuang"", ""url"": ""https://www.filmaffinity.com/es/name.php?name-id=571043732""}]",[],7.2,,50,https://www.filmaffinity.com/es/cityTheaters.php?movie_id=210175,True,2026-02-19T19:52:21Z
856020,2026-02-20,Sin conexión,https://www.filmaffinity.com/es/film856020.html,https://pics.filmaffinity.com/is_this_thing_on-484876049-large.jpg,124,2025,US,[],"Mientras su matrimonio se desmorona silenciosamente, Alex se enfrenta a la mediana edad y a un divorcio inminente, ... [+]","[{""name"": ""Bradley Cooper"", ""url"": ""https://www.filmaffinity.com/es/name.php?name-id=264869856""}]","[{""name"": ""Will Arnett"", ""url"": ""https://www.filmaffinity.com/es/name.php?name-id=635154346""}, {""name"": ""Laura Dern"", ""url"": ""https://www.filmaffinity.com/es/name.php?name-id=764494389""}, {""name"": ""Andra Day"", ""url"": ""https://www.filmaffinity.com/es/name.php?name-id=744233419""}, {""name"": ""Ciarán Hinds"", ""url"": ""https://www.filmaffinity.com/es/name.php?name-id=440447291""}, {""name"": ""Amy Sedaris"", ""url"": ""https://www.filmaffinity.com/es/name.php?name-id=762203931""}]",6.1,,27,https://www.filmaffinity.com/es/cityTheaters.php?movie_id=856020,True,2026-02-19T19:52:21Z
674168,2026-02-23,Andy Warhol: American Dream,https://www.filmaffinity.com/es/film674168.html,https://pics.filmaffinity.com/andy_warhol_americky_sen-325731492-large.jpg,94,2023,SK,"[""Documental""]","Al explorar la enigmática personalidad de Andy Warhol y sus profundos lazos familiares, este documental desvela aspectos ... [+]","[{""name"": ""Lubomir Slivka"", ""url"": ""https://www.filmaffinity.com/es/name.php?name-id=776501283""}]","[{""name"": ""Andy Warhol"", ""url"": ""https://www.filmaffinity.com/es/name.php?name-id=998826311""}]",,,18,https://www.filmaffinity.com/es/cityTheaters.php?movie_id=674168,True,2026-02-19T19:52:21Z
563148,2026-02-26,Twenty One Pilots: More Than We Ever Imagined,https://www.filmaffinity.com/es/film563148.html,https://pics.filmaffinity.com/twenty_one_pilots_more_than_we_ever_imagined-697401061-large.jpg,119,2026,GB,"[""Concierto""]","Documental que captura a Twenty One Pilots en un momento decisivo de su carrera: su concierto en la Ciudad de México, ... [+]","[{""name"": ""Mark C. Eshleman"", ""url"": ""https://www.filmaffinity.com/es/name.php?name-id=440677094""}]","[{""name"": ""Twenty One Pilots"", ""url"": ""https://www.filmaffinity.com/es/name.php?name-id=898090264""}, {""name"": ""Josh Dun"", ""url"": ""https://www.filmaffinity.com/es/name.php?name-id=431768994""}, {""name"": ""Tyler Joseph"", ""url"": ""https://www.filmaffinity.com/es/name.php?name-id=316088986""}]",,,35,https://www.filmaffinity.com/es/cityTheaters.php?movie_id=563148,True,2026-02-19T19:52:21Z
630582,2026-02-27,EPiC: Elvis Presley in Concert,https://www.filmaffinity.com/es/film630582.html,https://pics.filmaffinity.com/epic_elvis_presley_in_concert-603911744-large.jpg,90,2025,AU,"[""Documental""]","Rescata la figura del gran Elvis Presley, con imágenes de archivo y grabaciones nunca vistas del Rey del rock. Preestreno: Festival de Toronto 2025. [+]","[{""name"": ""Baz Luhrmann"", ""url"": ""https://www.filmaffinity.com/es/name.php?name-id=665078148""}]","[{""name"": ""Elvis Presley"", ""url"": ""https://www.filmaffinity.com/es/name.php?name-id=480102186""}]",,,5,https://www.filmaffinity.com/es/cityTheaters.php?movie_id=630582,True,2026-02-19T19:52:21Z
504352,2026-02-27,Hasta la montaña,https://www.filmaffinity.com/es/film504352.html,https://pics.filmaffinity.com/bergers-863247059-large.jpg,113,2024,CA,[],"Tras un problema de salud, Mathyas, un publicista de Montreal, abandona su vida en Canadá para reinventarse como pastor ... [+]","[{""name"": ""Sophie Deraspe"", ""url"": ""https://www.filmaffinity.com/es/name.php?name-id=789512781""}]","[{""name"": ""Félix-Antoine Duval"", ""url"": ""https://www.filmaffinity.com/es/name.php?name-id=125556467""}, {""name"": ""Solène Rigot"", ""url"": ""https://www.filmaffinity.com/es/name.php?name-id=691188362""}, {""name"": ""Guilaine Londez"", ""url"": ""https://www.filmaffinity.com/es/name.php?name-id=260825320""}, {""name"": ""Bruno Raffaelli"", ""url"": ""https://www.filmaffinity.com/es/name.php?name-id=960186399""}, {""name"": ""Younes Boucif"", ""url"": ""https://www.filmaffinity.com/es/name.php?name-id=301372083""}]",6.0,,,,True,2026-02-19T19:52:21Z
502320,2026-02-27,Islas,https://www.filmaffinity.com/es/film502320.html,https://pics.filmaffinity.com/islas-458215154-large.jpg,90,2025,ES,[],"El otrora majestuoso y esplendoroso Hotel Paradise, un enorme hospedaje que vivió un pasado glorioso y de opulencia... ... [+]","[{""name"": ""Marina Seresesky"", ""url"": ""https://www.filmaffinity.com/es/name.php?name-id=674543713""}]","[{""name"": ""Ana Belén"", ""url"": ""https://www.filmaffinity.com/es/name.php?name-id=239668241""}, {""name"": ""Manuel Vega"", ""url"": ""https://www.filmaffinity.com/es/name.php?name-id=318215298""}, {""name"": ""Eva Llorach"", ""url"": ""https://www.filmaffinity.com/es/name.php?name-id=288299424""}, {""name"": ""Jorge Usón"", ""url"": ""https://www.filmaffinity.com/es/name.php?name-id=751459392""}, {""name"": ""Elena Zurita"", ""url"": ""https://www.filmaffinity.com/es/name.php?name-id=202252681""}]",,,,,True,2026-02-19T19:52:21Z
704018,2026-02-27,La residencIA,https://www.filmaffinity.com/es/film704018.html,https://pics.filmaffinity.com/dalloway-785798049-large.jpg,110,2025,FR,[],"Clarissa, una escritora falta de inspiración, ingresa en una prestigiosa residencia de artistas en la vanguardia de la ... [+]","[{""name"": ""Yann Gozlan"", ""url"": ""https://www.filmaffinity.com/es/name.php?name-id=892232277""}]","[{""name"": ""Cécile De France"", ""url"": ""https://www.filmaffinity.com/es/name.php?name-id=105822871""}, {""name"": ""Lars Mikkelsen"", ""url"": ""https://www.filmaffinity.com/es/name.php?name-id=559932920""}, {""name"": ""Anna Mouglalis"", ""url"": ""https://www.filmaffinity.com/es/name.php?name-id=486305075""}, {""name"": ""Frédéric Pierrot"", ""url"": ""https://www.filmaffinity.com/es/name.php?name-id=170621501""}, {""name"": ""Freya Mavor"", ""url"": ""https://www.filmaffinity.com/es/name.php?name-id=814078488""}]",,,,,True,2026-02-19T19:52:21Z
403747,2026-02-27,Los miserables. El origen,https://www.filmaffinity.com/es/film403747.html,https://pics.filmaffinity.com/jean_valjean-898059860-large.jpg,98,2025,FR,[],"1815. Jean Valjean sale del presidio, destrozado, rechazado por todos. Vagando sin rumbo, encuentra refugio en casa de ... [+]","[{""name"": ""Éric Besnard"", ""url"": ""https://www.filmaffinity.com/es/name.php?name-id=312146726""}]","[{""name"": ""Grégory Gadebois"", ""url"": ""https://www.filmaffinity.com/es/name.php?name-id=420715019""}, {""name"": ""Bernard Campan"", ""url"": ""https://www.filmaffinity.com/es/name.php?name-id=117236794""}, {""name"": ""Alexandra Lamy"", ""url"": ""https://www.filmaffinity.com/es/name.php?name-id=268985986""}, {""name"": ""Isabelle Carré"", ""url"": ""https://www.filmaffinity.com/es/name.php?name-id=139675203""}, {""name"": ""Christiane Conil"", ""url"": ""https://www.filmaffinity.com/es/name.php?name-id=111994985""}]",,,2,https://www.filmaffinity.com/es/cityTheaters.php?movie_id=403747,True,2026-02-19T19:52:21Z
792007,2026-02-27,Scarlet,https://www.filmaffinity.com/es/film792007.html,https://pics.filmaffinity.com/scarlet-945488475-large.jpg,111,2025,JP,[],Una princesa medieval experta en el manejo de la espada se embarca en una peligrosa misión para vengar la muerte de su ... [+],"[{""name"": ""Mamoru Hosoda"", ""url"": ""https://www.filmaffinity.com/es/name.php?name-id=172160425""}]","[{""name"": ""Mana Ashida"", ""url"": ""https://www.filmaffinity.com/es/name.php?name-id=122855087""}, {""name"": ""Masaki Okada"", ""url"": ""https://www.filmaffinity.com/es/name.php?name-id=413524044""}]",6.1,,,,True,2026-02-19T19:52:21Z
675046,2026-02-27,Scream 7,https://www.filmaffinity.com/es/film675046.html,https://pics.filmaffinity.com/scream_7-726742479-large.jpg,114,2026,US,[],Cuando un nuevo asesino Ghostface aparece en el tranquilo pueblo donde Sidney Prescott (Neve Campbell) ha construido una ... [+],"[{""name"": ""Kevin Williamson"", ""url"": ""https://www.filmaffinity.com/es/name.php?name-id=853951361""}]","[{""name"": ""Neve Campbell"", ""url"": ""https://www.filmaffinity.com/es/name.php?name-id=741666746""}, {""name"": ""Courteney Cox"", ""url"": ""https://www.filmaffinity.com/es/name.php?name-id=325905178""}, {""name"": ""Isabel May"", ""url"": ""https://www.filmaffinity.com/es/name.php?name-id=679825879""}, {""name"": ""Jasmin Savoy Brown"", ""url"": ""https://www.filmaffinity.com/es/name.php?name-id=628054203""}, {""name"": ""Mason Gooding"", ""url"": ""https://www.filmaffinity.com/es/name.php?name-id=338936423""}]",,,157,https://www.filmaffinity.com/es/cityTheaters.php?movie_id=675046,True,2026-02-19T19:52:21Z
520114,2026-02-27,"Sorry, Baby",https://www.filmaffinity.com/es/film520114.html,https://pics.filmaffinity.com/sorry_baby-639738524-large.jpg,103,2025,US,[],Una joven atraviesa un momento vital marcado por una experiencia límite que ha alterado profundamente su relación con el ... [+],"[{""name"": ""Eva Victor"", ""url"": ""https://www.filmaffinity.com/es/name.php?name-id=109424955""}]","[{""name"": ""Eva Victor"", ""url"": ""https://www.filmaffinity.com/es/name.php?name-id=109424955""}, {""name"": ""Naomi Ackie"", ""url"": ""https://www.filmaffinity.com/es/name.php?name-id=493672764""}, {""name"": ""Lucas Hedges"", ""url"": ""https://www.filmaffinity.com/es/name.php?name-id=402457882""}, {""name"": ""John Carroll Lynch"", ""url"": ""https://www.filmaffinity.com/es/name.php?name-id=290741283""}, {""name"": ""Louis Cancelmi"", ""url"": ""https://www.filmaffinity.com/es/name.php?name-id=613350020""}]",6.6,,2,https://www.filmaffinity.com/es/cityTheaters.php?movie_id=520114,True,2026-02-19T19:52:21Z
746635,2026-03-05,Enhypen [Walk the Line Summer Edition] in Cinemas,https://www.filmaffinity.com/es/film746635.html,https://pics.filmaffinity.com/enhypen_walk_the_line_summer_edition_in_cinemas-806719555-large.jpg,123,2026,KR,"[""Concierto""]","Desde su primer encuentro hasta los escenarios que dominan hoy en día, el camino de ENHYPEN es una historia de ... [+]","[{""name"": ""Yoon-Dong Oh"", ""url"": ""https://www.filmaffinity.com/es/name.php?name-id=481760499""}, {""name"": ""Jaeseok Park"", ""url"": ""https://www.filmaffinity.com/es/name.php?name-id=586880646""}]","[{""name"": ""Enhypen"", ""url"": ""https://www.filmaffinity.com/es/name.php?name-id=931590488""}, {""name"": ""Jungwon"", ""url"": ""https://www.filmaffinity.com/es/name.php?name-id=965545970""}, {""name"": ""Heeseung"", ""url"": ""https://www.filmaffinity.com/es/name.php?name-id=428869736""}, {""name"": ""Jay"", ""url"": ""https://www.filmaffinity.com/es/name.php?name-id=454815802""}]",,,27,https://www.filmaffinity.com/es/cityTheaters.php?movie_id=746635,False,2026-02-27T00:51:24Z
761280,2026-03-06,América Hispana. El legado de las olas,https://www.filmaffinity.com/es/film761280.html,https://pics.filmaffinity.com/america_hispana_el_legado_de_las_olas-663861506-large.jpg,78,2026,ES,"[""Documental""]","Tras ocho siglos de luchas, en 1492, los Reyes Católicos logran la unificación de la mayoría de los reinos peninsulares ... [+]","[{""name"": ""Javier Linares Cadenas de Llano"", ""url"": ""https://www.filmaffinity.com/es/name.php?name-id=134633330""}, {""name"": ""Javier Linares Sabater"", ""url"": ""https://www.filmaffinity.com/es/name.php?name-id=323907706""}]","[{""name"": ""María Elvira Roca Barea"", ""url"": ""https://www.filmaffinity.com/es/name.php?name-id=760381391""}, {""name"": ""María Saavedra Inaraja"", ""url"": ""https://www.filmaffinity.com/es/name.php?name-id=710245721""}, {""name"": ""Niko Roa"", ""url"": ""https://www.filmaffinity.com/es/name.php?name-id=714341450""}, {""name"": ""Alberto Samudio"", ""url"": ""https://www.filmaffinity.com/es/name.php?name-id=171736323""}, {""name"": ""Jorge Dávila"", ""url"": ""https://www.filmaffinity.com/es/name.php?name-id=364983410""}]",,,19,https://www.filmaffinity.com/es/cityTheaters.php?movie_id=761280,True,2026-03-05T18:23:54Z
898988,2026-03-06,Aves de corral,https://www.filmaffinity.com/es/film898988.html,https://pics.filmaffinity.com/aves_de_corral-884039058-large.jpg,85,2026,ES,[],"Una peculiar banda criminal planea asesinar a un dirigente del CNI, pero el plan de fin de semana de una pareja de novios se cruza en su camino. [+]","[{""name"": ""Antonio Vicent"", ""url"": ""https://www.filmaffinity.com/es/name.php?name-id=813089327""}]","[{""name"": ""Chechu Salgado"", ""url"": ""https://www.filmaffinity.com/es/name.php?name-id=421801241""}, {""name"": ""Diego Anido"", ""url"": ""https://www.filmaffinity.com/es/name.php?name-id=952826214""}, {""name"": ""Olivia Baglivi"", ""url"": ""https://www.filmaffinity.com/es/name.php?name-id=395787312""}, {""name"": ""Roberto Enríquez"", ""url"": ""https://www.filmaffinity.com/es/name.php?name-id=228495776""}, {""name"": ""Antonio Durán"", ""url"": ""https://www.filmaffinity.com/es/name.php?name-id=177150206""}]",,,28,https://www.filmaffinity.com/es/cityTheaters.php?movie_id=898988,True,2026-03-05T18:23:54Z
190955,2026-03-06,Caminando con el diablo,https://www.filmaffinity.com/es/film190955.html,https://pics.filmaffinity.com/caminando_con_el_diablo-967331841-large.jpg,84,2026,ES,[],"España, años ochenta. Miguel y Alicia arrastran la desaparición de su hijo Gabriel. Miguel se consume por la culpa de ... [+]","[{""name"": ""Rubén Pérez Barrena"", ""url"": ""https://www.filmaffinity.com/es/name.php?name-id=899479071""}]","[{""name"": ""Tamar Novas"", ""url"": ""https://www.filmaffinity.com/es/name.php?name-id=391435508""}, {""name"": ""Marina Salas"", ""url"": ""https://www.filmaffinity.com/es/name.php?name-id=985587893""}, {""name"": ""Iván Marcos"", ""url"": ""https://www.filmaffinity.com/es/name.php?name-id=810654656""}, {""name"": ""Annick Weerts"", ""url"": ""https://www.filmaffinity.com/es/name.php?name-id=676507834""}, {""name"": ""Alban Petit"", ""url"": ""https://www.filmaffinity.com/es/name.php?name-id=769498009""}]",,,34,https://www.filmaffinity.com/es/cityTheaters.php?movie_id=190955,True,2026-03-05T18:23:54Z
703556,2026-03-06,Caravan,https://www.filmaffinity.com/es/film703556.html,https://pics.filmaffinity.com/karavan-529439968-large.jpg,103,2025,CZ,[],"Ester acaba de cumplir 45 años y no tiene nada en su vida salvo el cuidado de su hijo David (15), que padece una ... [+]","[{""name"": ""Zuzana Kirchnerová"", ""url"": ""https://www.filmaffinity.com/es/name.php?name-id=961481991""}]","[{""name"": ""Anna Geislerová"", ""url"": ""https://www.filmaffinity.com/es/name.php?name-id=782702031""}, {""name"": ""David Vostrcil"", ""url"": ""https://www.filmaffinity.com/es/name.php?name-id=756498422""}, {""name"": ""Juliana Olhová"", ""url"": ""https://www.filmaffinity.com/es/name.php?name-id=934840333""}, {""name"": ""Jana Plodková"", ""url"": ""https://www.filmaffinity.com/es/name.php?name-id=730422751""}, {""name"": ""Giandomenico Cupaiuolo"", ""url"": ""https://www.filmaffinity.com/es/name.php?name-id=691279798""}]",,,,,True,2026-03-05T18:23:54Z
285634,2026-03-06,Cleaner: Rescate vertical,https://www.filmaffinity.com/es/film285634.html,https://pics.filmaffinity.com/cleaner-767674867-large.jpg,95,2025,US,[],Un grupo de activistas toma el control de la gala anual de una empresa energética en Londres y secuestra a los 300 ... [+],"[{""name"": ""Martin Campbell"", ""url"": ""https://www.filmaffinity.com/es/name.php?name-id=572407625""}]","[{""name"": ""Daisy Ridley"", ""url"": ""https://www.filmaffinity.com/es/name.php?name-id=418488131""}, {""name"": ""Taz Skylar"", ""url"": ""https://www.filmaffinity.com/es/name.php?name-id=571682218""}, {""name"": ""Clive Owen"", ""url"": ""https://www.filmaffinity.com/es/name.php?name-id=484971744""}, {""name"": ""Ray Fearon"", ""url"": ""https://www.filmaffinity.com/es/name.php?name-id=304533442""}, {""name"": ""Rufus Jones"", ""url"": ""https://www.filmaffinity.com/es/name.php?name-id=560689949""}]",4.6,,53,https://www.filmaffinity.com/es/cityTheaters.php?movie_id=285634,True,2026-03-05T18:23:54Z
923268,2026-03-06,El mago del Kremlin,https://www.filmaffinity.com/es/film923268.html,https://pics.filmaffinity.com/le_mage_du_kremlin-437054430-large.jpg,156,2025,FR,[],"En medio del caos postsoviético de los años 90, el joven Vadim Baranov (Paul Dano) empieza a labrarse un camino como ... [+]","[{""name"": ""Olivier Assayas"", ""url"": ""https://www.filmaffinity.com/es/name.php?name-id=827585174""}]","[{""name"": ""Paul Dano"", ""url"": ""https://www.filmaffinity.com/es/name.php?name-id=847580473""}, {""name"": ""Alicia Vikander"", ""url"": ""https://www.filmaffinity.com/es/name.php?name-id=665513437""}, {""name"": ""Jude Law"", ""url"": ""https://www.filmaffinity.com/es/name.php?name-id=251101673""}, {""name"": ""Tom Sturridge"", ""url"": ""https://www.filmaffinity.com/es/name.php?name-id=725460588""}, {""name"": ""Jeffrey Wright"", ""url"": ""https://www.filmaffinity.com/es/name.php?name-id=458938649""}]",5.8,,69,https://www.filmaffinity.com/es/cityTheaters.php?movie_id=923268,True,2026-03-05T18:23:54Z
633097,2026-03-06,El rostro del perdón,https://www.filmaffinity.com/es/film633097.html,https://pics.filmaffinity.com/the_face_of_the_faceless-157772785-large.jpg,136,2023,IN,[],"La hermana Rani Maria fue una monja misionera dedicada a ayudar a los campesinos pobres en Indore, en la India rural. A ... [+]","[{""name"": ""Shaison P Ouseph"", ""url"": ""https://www.filmaffinity.com/es/name.php?name-id=306202799""}]","[{""name"": ""Vincy Aloshious"", ""url"": ""https://www.filmaffinity.com/es/name.php?name-id=134918217""}, {""name"": ""Jeett Matharu"", ""url"": ""https://www.filmaffinity.com/es/name.php?name-id=920959155""}, {""name"": ""Stanley Kozhichira"", ""url"": ""https://www.filmaffinity.com/es/name.php?name-id=415298322""}, {""name"": ""Krishnakant Singh Bundela"", ""url"": ""https://www.filmaffinity.com/es/name.php?name-id=434572403""}]",,,35,https://www.filmaffinity.com/es/cityTheaters.php?movie_id=633097,True,2026-03-05T18:23:54Z
295464,2026-03-06,El último vikingo,https://www.filmaffinity.com/es/film295464.html,https://pics.filmaffinity.com/den_sidste_viking-269479704-large.jpg,116,2025,DK,[],Anker sale de prisión tras cumplir una condena de quince años por robo. El dinero del atraco fue enterrado por su ... [+],"[{""name"": ""Anders Thomas Jensen"", ""url"": ""https://www.filmaffinity.com/es/name.php?name-id=450118300""}]","[{""name"": ""Mads Mikkelsen"", ""url"": ""https://www.filmaffinity.com/es/name.php?name-id=759430243""}, {""name"": ""Nikolaj Lie Kaas"", ""url"": ""https://www.filmaffinity.com/es/name.php?name-id=568314491""}, {""name"": ""Søren Malling"", ""url"": ""https://www.filmaffinity.com/es/name.php?name-id=949115543""}, {""name"": ""Sofie Gråbøl"", ""url"": ""https://www.filmaffinity.com/es/name.php?name-id=916921048""}, {""name"": ""Nicolas Bro"", ""url"": ""https://www.filmaffinity.com/es/name.php?name-id=933322999""}]",7.0,,40,https://www.filmaffinity.com/es/cityTheaters.php?movie_id=295464,True,2026-03-05T18:23:54Z
150426,2026-03-06,Hoppers,https://www.filmaffinity.com/es/film150426.html,https://pics.filmaffinity.com/hoppers-343289386-large.jpg,105,2026,US,[],Mabel es una joven que puede transferir su mente a un castor robot con el objetivo de infiltrarse en el reino animal. ... [+],"[{""name"": ""Daniel Chong"", ""url"": ""https://www.filmaffinity.com/es/name.php?name-id=812393701""}]","[{""name"": ""Piper Curda"", ""url"": ""https://www.filmaffinity.com/es/name.php?name-id=427961559""}, {""name"": ""Bobby Moynihan"", ""url"": ""https://www.filmaffinity.com/es/name.php?name-id=311437809""}, {""name"": ""Jon Hamm"", ""url"": ""https://www.filmaffinity.com/es/name.php?name-id=642483502""}, {""name"": ""Kathy Najimy"", ""url"": ""https://www.filmaffinity.com/es/name.php?name-id=628326434""}]",,,181,https://www.filmaffinity.com/es/cityTheaters.php?movie_id=150426,True,2026-03-05T18:23:54Z
588486,2026-03-06,La extraordinaria vida de Marcel Pagnol,https://www.filmaffinity.com/es/film588486.html,https://pics.filmaffinity.com/marcel_et_monsieur_pagnol-760611904-large.jpg,90,2025,FR,[],"Entre los años 30 y 50, un joven curioso de Marsella transformó su amor por la palabra en un legado eterno. Marcel ... [+]","[{""name"": ""Sylvain Chomet"", ""url"": ""https://www.filmaffinity.com/es/name.php?name-id=993054925""}]",[],6.5,,6,https://www.filmaffinity.com/es/cityTheaters.php?movie_id=588486,True,2026-03-05T18:23:54Z
124261,2026-03-06,La sombra de mi padre,https://www.filmaffinity.com/es/film124261.html,https://pics.filmaffinity.com/my_father_s_shadow-262113078-large.jpg,94,2025,NG,[],"En el transcurso de un solo día en Lagos, la capital de Nigeria, durante la crisis electoral de 1993, un padre y sus dos ... [+]","[{""name"": ""Akinola Davies"", ""url"": ""https://www.filmaffinity.com/es/name.php?name-id=119780982""}]","[{""name"": ""Ṣọpẹ́ Dìrísù"", ""url"": ""https://www.filmaffinity.com/es/name.php?name-id=173380486""}, {""name"": ""Godwin Egbo"", ""url"": ""https://www.filmaffinity.com/es/name.php?name-id=316839934""}, {""name"": ""Chibuike Marvelous Egbo"", ""url"": ""https://www.filmaffinity.com/es/name.php?name-id=108419273""}, {""name"": ""Efon Wini"", ""url"": ""https://www.filmaffinity.com/es/name.php?name-id=991234496""}, {""name"": ""Uzoamaka Aniunoh"", ""url"": ""https://www.filmaffinity.com/es/name.php?name-id=408295231""}]",7.2,,1,https://www.filmaffinity.com/es/cityTheaters.php?movie_id=124261,True,2026-03-05T18:23:54Z
324038,2026-03-06,Línea de extinción,https://www.filmaffinity.com/es/film324038.html,https://pics.filmaffinity.com/elevation-279786121-large.jpg,90,2024,US,[],"El mundo ha cambiado. El único lugar habitable que le queda a la humanidad se encuentra en las altas montañas, a más de ... [+]","[{""name"": ""George Nolfi"", ""url"": ""https://www.filmaffinity.com/es/name.php?name-id=270994578""}]","[{""name"": ""Anthony Mackie"", ""url"": ""https://www.filmaffinity.com/es/name.php?name-id=666644552""}, {""name"": ""Morena Baccarin"", ""url"": ""https://www.filmaffinity.com/es/name.php?name-id=141408172""}, {""name"": ""Maddie Hasson"", ""url"": ""https://www.filmaffinity.com/es/name.php?name-id=109020422""}, {""name"": ""Shauna Earp"", ""url"": ""https://www.filmaffinity.com/es/name.php?name-id=524354344""}, {""name"": ""Danny Boyd Jr."", ""url"": ""https://www.filmaffinity.com/es/name.php?name-id=253194162""}]",4.9,,52,https://www.filmaffinity.com/es/cityTheaters.php?movie_id=324038,True,2026-03-05T18:23:54Z
363348,2026-03-06,Pillion,https://www.filmaffinity.com/es/film363348.html,https://pics.filmaffinity.com/pillion-596069903-large.jpg,106,2025,GB,[],"Colin, un hombre introvertido, se queda prendado de Ray, el carismático y atractivo líder de una banda de moteros que le ... [+]","[{""name"": ""Harry Lighton"", ""url"": ""https://www.filmaffinity.com/es/name.php?name-id=797540431""}]","[{""name"": ""Alexander Skarsgård"", ""url"": ""https://www.filmaffinity.com/es/name.php?name-id=202348273""}, {""name"": ""Harry Melling"", ""url"": ""https://www.filmaffinity.com/es/name.php?name-id=106287615""}, {""name"": ""Brian Martin"", ""url"": ""https://www.filmaffinity.com/es/name.php?name-id=375098452""}, {""name"": ""Zamir Mesiti"", ""url"": ""https://www.filmaffinity.com/es/name.php?name-id=223682221""}, {""name"": ""Douglas Hodge"", ""url"": ""https://www.filmaffinity.com/es/name.php?name-id=484726050""}]",6.8,,13,https://www.filmaffinity.com/es/cityTheaters.php?movie_id=363348,True,2026-03-05T18:23:54Z
316105,2026-03-06,¡La novia!,https://www.filmaffinity.com/es/film316105.html,https://pics.filmaffinity.com/the_bride-245563663-large.jpg,126,2026,US,[],"En el Chicago de los años 30, Frankenstein pide ayuda a la Dra. Euphronius para crear una compañera. Dan vida a una ... [+]","[{""name"": ""Maggie Gyllenhaal"", ""url"": ""https://www.filmaffinity.com/es/name.php?name-id=515109652""}]","[{""name"": ""Jessie Buckley"", ""url"": ""https://www.filmaffinity.com/es/name.php?name-id=643610792""}, {""name"": ""Christian Bale"", ""url"": ""https://www.filmaffinity.com/es/name.php?name-id=902314524""}, {""name"": ""Peter Sarsgaard"", ""url"": ""https://www.filmaffinity.com/es/name.php?name-id=586169157""}, {""name"": ""Penélope Cruz"", ""url"": ""https://www.filmaffinity.com/es/name.php?name-id=869635831""}, {""name"": ""Annette Bening"", ""url"": ""https://www.filmaffinity.com/es/name.php?name-id=976073439""}]",,,176,https://www.filmaffinity.com/es/cityTheaters.php?movie_id=316105,True,2026-03-05T18:23:54Z
814924,2026-03-06,Érase una vez en Rivollywood,https://www.filmaffinity.com/es/film814924.html,https://pics.filmaffinity.com/erase_una_vez_en_rivollywood-720388180-large.jpg,68,2026,ES,[],"Todo comenzó con un grupo de jóvenes cineastas que se lanzaron a rodar cortometrajes de bajo presupuesto, sin imaginar ... [+]","[{""name"": ""José Luis Rojas"", ""url"": ""https://www.filmaffinity.com/es/name.php?name-id=823501250""}]","[{""name"": ""Diego Cabezuelo"", ""url"": ""https://www.filmaffinity.com/es/name.php?name-id=598678165""}, {""name"": ""José Luis Rojas"", ""url"": ""https://www.filmaffinity.com/es/name.php?name-id=823501250""}, {""name"": ""Pedro Ruiz Alia"", ""url"": ""https://www.filmaffinity.com/es/name.php?name-id=984762686""}, {""name"": ""David Gutiérrez"", ""url"": ""https://www.filmaffinity.com/es/name.php?name-id=421791232""}]",,,,,True,2026-02-27T00:51:24Z
855002,2026-03-13,El arquitecto,https://www.filmaffinity.com/es/film855002.html,https://pics.filmaffinity.com/l_inconnu_de_la_grande_arche-862439355-large.jpg,105,2025,FR,[],1983. El nuevo gobierno francés convoca el mayor concurso de arquitectura de la historia. Codiciado por todos los ... [+],"[{""name"": ""Stéphane Demoustier"", ""url"": ""https://www.filmaffinity.com/es/name.php?name-id=307056365""}]","[{""name"": ""Claes Bang"", ""url"": ""https://www.filmaffinity.com/es/name.php?name-id=140218066""}, {""name"": ""Sidse Babett Knudsen"", ""url"": ""https://www.filmaffinity.com/es/name.php?name-id=212511521""}, {""name"": ""Xavier Dolan"", ""url"": ""https://www.filmaffinity.com/es/name.php?name-id=375927271""}, {""name"": ""Swann Arlaud"", ""url"": ""https://www.filmaffinity.com/es/name.php?name-id=975014315""}, {""name"": ""Michel Fau"", ""url"": ""https://www.filmaffinity.com/es/name.php?name-id=842652316""}]",6.4,,7,https://www.filmaffinity.com/es/cityTheaters.php?movie_id=855002,True,2026-03-11T15:47:25Z
842010,2026-03-13,El testamento de Ann Lee,https://www.filmaffinity.com/es/film842010.html,https://pics.filmaffinity.com/the_testament_of_ann_lee-158834759-large.jpg,136,2025,GB,[],"Inspirada en hechos reales, se centra en la líder religiosa Ann Lee, fundadora del Movimiento Shaker a finales de la ... [+]","[{""name"": ""Mona Fastvold"", ""url"": ""https://www.filmaffinity.com/es/name.php?name-id=419302398""}]","[{""name"": ""Amanda Seyfried"", ""url"": ""https://www.filmaffinity.com/es/name.php?name-id=112730558""}, {""name"": ""Thomasin McKenzie"", ""url"": ""https://www.filmaffinity.com/es/name.php?name-id=746981329""}, {""name"": ""Lewis Pullman"", ""url"": ""https://www.filmaffinity.com/es/name.php?name-id=859444027""}, {""name"": ""Stacy Martin"", ""url"": ""https://www.filmaffinity.com/es/name.php?name-id=649038344""}, {""name"": ""Tim Blake Nelson"", ""url"": ""https://www.filmaffinity.com/es/name.php?name-id=868772386""}]",6.4,,27,https://www.filmaffinity.com/es/cityTheaters.php?movie_id=842010,True,2026-03-11T15:47:25Z
781408,2026-03-13,La hija pequeña,https://www.filmaffinity.com/es/film781408.html,https://pics.filmaffinity.com/la_petite_derniere-221624133-large.jpg,106,2025,FR,[],"Fátima, de 17 años, es la pequeña de tres hermanas. Vive en los suburbios, en una familia franco-argelina feliz y ... [+]","[{""name"": ""Hafsia Herzi"", ""url"": ""https://www.filmaffinity.com/es/name.php?name-id=665699854""}]","[{""name"": ""Nadia Melliti"", ""url"": ""https://www.filmaffinity.com/es/name.php?name-id=470681875""}, {""name"": ""Park Ji-min"", ""url"": ""https://www.filmaffinity.com/es/name.php?name-id=632962187""}, {""name"": ""Louis Memmi"", ""url"": ""https://www.filmaffinity.com/es/name.php?name-id=974625542""}, {""name"": ""Mouna Soualem"", ""url"": ""https://www.filmaffinity.com/es/name.php?name-id=535584798""}, {""name"": ""Aloïse Sauvage"", ""url"": ""https://www.filmaffinity.com/es/name.php?name-id=154960233""}]",6.9,,6,https://www.filmaffinity.com/es/cityTheaters.php?movie_id=781408,True,2026-03-11T15:47:25Z
310301,2026-03-13,Las locas del obelisco,https://www.filmaffinity.com/es/film310301.html,https://pics.filmaffinity.com/las_locas_del_obelisco-985429911-large.jpg,112,2026,ES,[],"Madrid, finales del siglo XIX. María Ana Allsopp, una joven de la alta sociedad, se conmueve profundamente ante la ... [+]","[{""name"": ""Pablo Moreno"", ""url"": ""https://www.filmaffinity.com/es/name.php?name-id=374076642""}]","[{""name"": ""Paula Iglesias"", ""url"": ""https://www.filmaffinity.com/es/name.php?name-id=337667277""}, {""name"": ""Jasmina G. Pizarro"", ""url"": ""https://www.filmaffinity.com/es/name.php?name-id=224039883""}, {""name"": ""Assumpta Serna"", ""url"": ""https://www.filmaffinity.com/es/name.php?name-id=146908258""}, {""name"": ""Javier Godino"", ""url"": ""https://www.filmaffinity.com/es/name.php?name-id=707712831""}, {""name"": ""Laura Contreras"", ""url"": ""https://www.filmaffinity.com/es/name.php?name-id=522044102""}]",,,11,https://www.filmaffinity.com/es/cityTheaters.php?movie_id=310301,True,2026-03-11T15:47:25Z
732131,2026-03-13,No te queda otra,https://www.filmaffinity.com/es/film732131.html,https://pics.filmaffinity.com/aimons_nous_vivants-632676342-large.jpg,90,2025,FR,[],"En un tren a Ginebra, Victoire, una pasajera entrometida, se cruza con Antoine Toussaint, su ídolo, una gran estrella de ... [+]","[{""name"": ""Jean-Pierre Améris"", ""url"": ""https://www.filmaffinity.com/es/name.php?name-id=132214982""}]","[{""name"": ""Valerie Lemercier"", ""url"": ""https://www.filmaffinity.com/es/name.php?name-id=164567370""}, {""name"": ""Gérard Darmon"", ""url"": ""https://www.filmaffinity.com/es/name.php?name-id=116044434""}, {""name"": ""Patrick Timsit"", ""url"": ""https://www.filmaffinity.com/es/name.php?name-id=679380280""}, {""name"": ""Alice de Lencquesaing"", ""url"": ""https://www.filmaffinity.com/es/name.php?name-id=440863227""}, {""name"": ""Sophie Mounicot"", ""url"": ""https://www.filmaffinity.com/es/name.php?name-id=483323205""}]",,,2,https://www.filmaffinity.com/es/cityTheaters.php?movie_id=732131,True,2026-03-11T15:47:25Z
453739,2026-03-13,Torrente presidente,https://www.filmaffinity.com/es/film453739.html,https://pics.filmaffinity.com/torrente_presidente-422109049-large.jpg,102,2026,ES,[],Sexta entrega de la saga 'Torrente'. *Nota informativa: la película no tendrá ni tráiler ni cartel ni se mostrará en ... [+],"[{""name"": ""Santiago Segura"", ""url"": ""https://www.filmaffinity.com/es/name.php?name-id=151690533""}]","[{""name"": ""Santiago Segura"", ""url"": ""https://www.filmaffinity.com/es/name.php?name-id=151690533""}]",,,207,https://www.filmaffinity.com/es/cityTheaters.php?movie_id=453739,True,2026-03-11T15:47:25Z
314137,2026-03-13,Águilas de El Cairo,https://www.filmaffinity.com/es/film314137.html,https://pics.filmaffinity.com/eagles_of_the_republic-647297459-large.jpg,127,2025,SE,[],"George Fahmy (Fares Fares) el actor más querido de Egipto, se ve presionado a protagonizar una película encargada por ... [+]","[{""name"": ""Tarik Saleh"", ""url"": ""https://www.filmaffinity.com/es/name.php?name-id=920317215""}]","[{""name"": ""Fares Fares"", ""url"": ""https://www.filmaffinity.com/es/name.php?name-id=739132196""}, {""name"": ""Lyna Khoudri"", ""url"": ""https://www.filmaffinity.com/es/name.php?name-id=240927325""}, {""name"": ""Zineb Triki"", ""url"": ""https://www.filmaffinity.com/es/name.php?name-id=236582827""}, {""name"": ""Amr Waked"", ""url"": ""https://www.filmaffinity.com/es/name.php?name-id=850708220""}, {""name"": ""Cherien Dabis"", ""url"": ""https://www.filmaffinity.com/es/name.php?name-id=282260095""}]",6.4,,32,https://www.filmaffinity.com/es/cityTheaters.php?movie_id=314137,True,2026-03-11T15:47:25Z
343952,2026-03-19,Dhurandhar: The Revenge,https://www.filmaffinity.com/es/film343952.html,https://pics.filmaffinity.com/dhurandhar_the_revenge-290007538-large.jpg,210,2026,IN,[],"Bajo la identidad de Hamza Ali Mazari, el espía de la inteligencia de la India Jaskirat Singh Rangi (Ranveer Singh) ... [+]","[{""name"": ""Aditya Dhar"", ""url"": ""https://www.filmaffinity.com/es/name.php?name-id=193333193""}]","[{""name"": ""Ranveer Singh"", ""url"": ""https://www.filmaffinity.com/es/name.php?name-id=298314889""}, {""name"": ""Sanjay Dutt"", ""url"": ""https://www.filmaffinity.com/es/name.php?name-id=362810154""}, {""name"": ""Akshaye Khanna"", ""url"": ""https://www.filmaffinity.com/es/name.php?name-id=440893972""}, {""name"": ""Madhavan"", ""url"": ""https://www.filmaffinity.com/es/name.php?name-id=277631123""}, {""name"": ""Sara Arjun"", ""url"": ""https://www.filmaffinity.com/es/name.php?name-id=597957616""}, {""name"": ""Arjun Rampal"", ""url"": ""https://www.filmaffinity.com/es/name.php?name-id=817002078""}]",,,1,https://www.filmaffinity.com/es/cityTheaters.php?movie_id=343952,True,2026-03-11T15:47:25Z
310439,2026-03-20,Amarga Navidad,https://www.filmaffinity.com/es/film310439.html,https://pics.filmaffinity.com/amarga_navidad-573586307-large.jpg,,2026,ES,[],Elsa es una directora de publicidad cuya madre muere durante un largo puente del mes de diciembre. Encuentra refugio en ... [+],"[{""name"": ""Pedro Almodóvar"", ""url"": ""https://www.filmaffinity.com/es/name.php?name-id=280254478""}]","[{""name"": ""Bárbara Lennie"", ""url"": ""https://www.filmaffinity.com/es/name.php?name-id=957638417""}, {""name"": ""Leonardo Sbaraglia"", ""url"": ""https://www.filmaffinity.com/es/name.php?name-id=792236884""}, {""name"": ""Aitana Sánchez-Gijón"", ""url"": ""https://www.filmaffinity.com/es/name.php?name-id=620187823""}, {""name"": ""Victoria Luengo"", ""url"": ""https://www.filmaffinity.com/es/name.php?name-id=296852121""}, {""name"": ""Patrick Criado"", ""url"": ""https://www.filmaffinity.com/es/name.php?name-id=681963275""}]",,,134,https://www.filmaffinity.com/es/cityTheaters.php?movie_id=310439,True,2026-03-11T15:47:25Z
913052,2026-03-20,Elegir mi vida,https://www.filmaffinity.com/es/film913052.html,https://pics.filmaffinity.com/partir_un_jour-200015010-large.jpg,94,2025,FR,[],"Cécile está a punto de cumplir su sueño de abrir su propio restaurante, cuando su padre sufre un infarto y debe volver a ... [+]","[{""name"": ""Amélie Bonnin"", ""url"": ""https://www.filmaffinity.com/es/name.php?name-id=305494132""}]","[{""name"": ""Juliette Armanet"", ""url"": ""https://www.filmaffinity.com/es/name.php?name-id=691514600""}, {""name"": ""Bastien Bouillon"", ""url"": ""https://www.filmaffinity.com/es/name.php?name-id=781716149""}, {""name"": ""François Rollin"", ""url"": ""https://www.filmaffinity.com/es/name.php?name-id=962738363""}, {""name"": ""Tewfik Jallab"", ""url"": ""https://www.filmaffinity.com/es/name.php?name-id=342463607""}, {""name"": ""Dominique Blanc"", ""url"": ""https://www.filmaffinity.com/es/name.php?name-id=871249184""}]",5.8,,,,True,2026-03-11T15:47:25Z
359278,2026-03-20,La sonrisa del mal (The Holy Boy),https://www.filmaffinity.com/es/film359278.html,https://pics.filmaffinity.com/la_valle_dei_sorrisi-361895755-large.jpg,122,2025,IT,[],Remis es un pequeño pueblo enclavado en un valle aislado en las montañas. Sus habitantes son excepcionalmente felices. ... [+],"[{""name"": ""Paolo Strippoli"", ""url"": ""https://www.filmaffinity.com/es/name.php?name-id=995833303""}]","[{""name"": ""Michele Riondino"", ""url"": ""https://www.filmaffinity.com/es/name.php?name-id=251455758""}, {""name"": ""Romana Maggiora Vergano"", ""url"": ""https://www.filmaffinity.com/es/name.php?name-id=712373240""}, {""name"": ""Giulio Feltri"", ""url"": ""https://www.filmaffinity.com/es/name.php?name-id=512473331""}, {""name"": ""Paolo Pierobon"", ""url"": ""https://www.filmaffinity.com/es/name.php?name-id=732588409""}, {""name"": ""Roberto Citran"", ""url"": ""https://www.filmaffinity.com/es/name.php?name-id=806091192""}]",6.5,,,,True,2026-03-11T15:47:25Z
448750,2026-03-20,Tafiti y sus amigos,https://www.filmaffinity.com/es/film448750.html,https://pics.filmaffinity.com/tafiti_across_the_desert-265516862-large.jpg,81,2025,DE,[],"Cuando Tafiti, una joven suricata, conoce a Bristles, el cerdo salvaje, sabe que no pueden ser amigos. Pero cuando ... [+]","[{""name"": ""Nina Wels"", ""url"": ""https://www.filmaffinity.com/es/name.php?name-id=627069455""}, {""name"": ""Timo Berg"", ""url"": ""https://www.filmaffinity.com/es/name.php?name-id=180924931""}]","[{""name"": ""Cosima Henman"", ""url"": ""https://www.filmaffinity.com/es/name.php?name-id=654528508""}, {""name"": ""Steve Hudson"", ""url"": ""https://www.filmaffinity.com/es/name.php?name-id=664280636""}, {""name"": ""Dela Dabulamanzi"", ""url"": ""https://www.filmaffinity.com/es/name.php?name-id=541282909""}, {""name"": ""Kathleen Renish"", ""url"": ""https://www.filmaffinity.com/es/name.php?name-id=870595281""}]",,,2,https://www.filmaffinity.com/es/cityTheaters.php?movie_id=448750,True,2026-03-11T15:47:25Z
691891,2026-03-20,Una hija en Tokio,https://www.filmaffinity.com/es/film691891.html,https://pics.filmaffinity.com/une_part_manquante-412761829-large.jpg,98,2024,FR,[],"Todos los días, Jay conduce su taxi por Tokio en busca de su hija, Lily. Separado desde hace nueve años, nunca ha podido ... [+]","[{""name"": ""Guillaume Senez"", ""url"": ""https://www.filmaffinity.com/es/name.php?name-id=578610558""}]","[{""name"": ""Romain Duris"", ""url"": ""https://www.filmaffinity.com/es/name.php?name-id=592494251""}, {""name"": ""Judith Chemla"", ""url"": ""https://www.filmaffinity.com/es/name.php?name-id=417200027""}, {""name"": ""Mei Cirne-Masuki"", ""url"": ""https://www.filmaffinity.com/es/name.php?name-id=436248176""}, {""name"": ""Tsuyu Shimizu"", ""url"": ""https://www.filmaffinity.com/es/name.php?name-id=110812579""}, {""name"": ""Shungiku Uchida"", ""url"": ""https://www.filmaffinity.com/es/name.php?name-id=389516661""}]",6.9,,,,True,2026-03-11T15:47:25Z
261988,2026-03-20,Whistle: El silbido del mal,https://www.filmaffinity.com/es/film261988.html,https://pics.filmaffinity.com/whistle-675923197-large.jpg,85,2025,CA,[],Un grupo de estudiantes inadaptados encuentra por accidente un objeto maldito: un antiguo silbato de la muerte azteca. ... [+],"[{""name"": ""Corin Hardy"", ""url"": ""https://www.filmaffinity.com/es/name.php?name-id=251176504""}]","[{""name"": ""Dafne Keen"", ""url"": ""https://www.filmaffinity.com/es/name.php?name-id=494806285""}, {""name"": ""Sophie Nélisse"", ""url"": ""https://www.filmaffinity.com/es/name.php?name-id=170813283""}, {""name"": ""Nick Frost"", ""url"": ""https://www.filmaffinity.com/es/name.php?name-id=229367083""}, {""name"": ""Percy Hynes White"", ""url"": ""https://www.filmaffinity.com/es/name.php?name-id=186122129""}, {""name"": ""Sky Yang"", ""url"": ""https://www.filmaffinity.com/es/name.php?name-id=781396151""}]",4.6,,1,https://www.filmaffinity.com/es/cityTheaters.php?movie_id=261988,True,2026-03-11T15:47:25Z
307521,2026-03-20,Your Name.,https://www.filmaffinity.com/es/film307521.html,https://pics.filmaffinity.com/kimi_no_na_wa_your_name-612760352-large.jpg,106,2016,JP,[],"Taki y Mitsuha descubren un día que durante el sueño sus cuerpos se intercambian, y comienzan a comunicarse por medio de ... [+]","[{""name"": ""Makoto Shinkai"", ""url"": ""https://www.filmaffinity.com/es/name.php?name-id=600165517""}]",[],7.8,,114,https://www.filmaffinity.com/es/cityTheaters.php?movie_id=307521,True,2026-03-11T15:47:25Z
622585,2026-03-26,La última cena,https://www.filmaffinity.com/es/film622585.html,https://pics.filmaffinity.com/the_last_supper-860658020-large.jpg,114,2025,US,[],Narra la última reunión de Jesucristo con sus discípulos antes de la traición de Judas. Lo que comienza como una ... [+],"[{""name"": ""Mauro Borrelli"", ""url"": ""https://www.filmaffinity.com/es/name.php?name-id=780546837""}]","[{""name"": ""Jamie Ward"", ""url"": ""https://www.filmaffinity.com/es/name.php?name-id=838511926""}, {""name"": ""James Faulkner"", ""url"": ""https://www.filmaffinity.com/es/name.php?name-id=154629544""}, {""name"": ""James Oliver Wheatley"", ""url"": ""https://www.filmaffinity.com/es/name.php?name-id=894121822""}, {""name"": ""Robert Knepper"", ""url"": ""https://www.filmaffinity.com/es/name.php?name-id=918678310""}, {""name"": ""Nathalie Rapti Gomez"", ""url"": ""https://www.filmaffinity.com/es/name.php?name-id=356593284""}]",4.6,,25,https://www.filmaffinity.com/es/cityTheaters.php?movie_id=622585,True,2026-03-20T09:53:39Z
382336,2026-03-27,Altas capacidades,https://www.filmaffinity.com/es/film382336.html,https://pics.filmaffinity.com/altas_capacidades-477024834-large.jpg,101,2026,ES,[],"Alicia y Gonzalo, una pareja de clase media, se encuentran con la oportunidad de matricular a su hijo Fer en un colegio ... [+]","[{""name"": ""Víctor García León"", ""url"": ""https://www.filmaffinity.com/es/name.php?name-id=442605523""}]","[{""name"": ""Marián Álvarez"", ""url"": ""https://www.filmaffinity.com/es/name.php?name-id=788842168""}, {""name"": ""Israel Elejalde"", ""url"": ""https://www.filmaffinity.com/es/name.php?name-id=659033467""}, {""name"": ""Juan Diego Botto"", ""url"": ""https://www.filmaffinity.com/es/name.php?name-id=922788874""}, {""name"": ""Natalia Reyes"", ""url"": ""https://www.filmaffinity.com/es/name.php?name-id=360491050""}, {""name"": ""Pilar Castro"", ""url"": ""https://www.filmaffinity.com/es/name.php?name-id=756542481""}]",6.3,,1,https://www.filmaffinity.com/es/cityTheaters.php?movie_id=382336,True,2026-03-20T09:53:39Z
878745,2026-03-27,Dos fiscales,https://www.filmaffinity.com/es/film878745.html,https://pics.filmaffinity.com/zwei_staatsanwalte_aka_two_prosecutors-308848572-large.jpg,118,2025,UA,[],"Unión Soviética, 1937. Miles de cartas de detenidos acusados ​​falsamente por el régimen son quemadas en una celda. ... [+]","[{""name"": ""Sergei Loznitsa"", ""url"": ""https://www.filmaffinity.com/es/name.php?name-id=545615596""}]","[{""name"": ""Aleksandr Kuznetsov"", ""url"": ""https://www.filmaffinity.com/es/name.php?name-id=474940855""}, {""name"": ""Anatoli Belyj"", ""url"": ""https://www.filmaffinity.com/es/name.php?name-id=102017400""}, {""name"": ""Vytautas Kaniusonis"", ""url"": ""https://www.filmaffinity.com/es/name.php?name-id=848234272""}, {""name"": ""Valentin Novopolskij"", ""url"": ""https://www.filmaffinity.com/es/name.php?name-id=963938467""}, {""name"": ""Aleksandr Filippenko"", ""url"": ""https://www.filmaffinity.com/es/name.php?name-id=419542530""}]",6.6,,,,True,2026-03-20T09:53:39Z
332695,2026-03-27,Maigret y la muerte del embajador,https://www.filmaffinity.com/es/film332695.html,https://pics.filmaffinity.com/maigret_et_le_mort_amoureux-296745863-large.jpg,80,2026,FR,[],"El comisario Maigret, convocado urgentemente al Quai d'Orsay, acude allí con el comandante Janvier. Encuentran a ... [+]","[{""name"": ""Pascal Bonitzer"", ""url"": ""https://www.filmaffinity.com/es/name.php?name-id=604934793""}]","[{""name"": ""Denis Podalydès"", ""url"": ""https://www.filmaffinity.com/es/name.php?name-id=516512895""}, {""name"": ""Anne Alvaro"", ""url"": ""https://www.filmaffinity.com/es/name.php?name-id=559354274""}, {""name"": ""Manuel Guillot"", ""url"": ""https://www.filmaffinity.com/es/name.php?name-id=768550696""}, {""name"": ""Irène Jacob"", ""url"": ""https://www.filmaffinity.com/es/name.php?name-id=146735846""}, {""name"": ""Dominique Reymond"", ""url"": ""https://www.filmaffinity.com/es/name.php?name-id=682609591""}]",,,,,True,2026-03-20T09:53:39Z
356628,2026-03-27,Mary Anning y la playa de los dinosaurios,https://www.filmaffinity.com/es/film356628.html,https://pics.filmaffinity.com/mary_anning-975520393-large.jpg,72,2025,CH,[],"En 1811, Mary Anning, una niña de doce años curiosa y vital, pasa los días explorando la orilla del mar en busca de ... [+]","[{""name"": ""Marcel Barelli"", ""url"": ""https://www.filmaffinity.com/es/name.php?name-id=159787933""}]",[],,,,,True,2026-03-20T09:53:39Z
240424,2026-03-27,Proyecto Salvación,https://www.filmaffinity.com/es/film240424.html,https://pics.filmaffinity.com/project_hail_mary-593131774-large.jpg,156,2026,US,[],El profesor de ciencias Ryland Grace (Ryan Gosling) se despierta en una nave espacial a años luz de casa sin recordar ... [+],"[{""name"": ""Phil Lord"", ""url"": ""https://www.filmaffinity.com/es/name.php?name-id=337061137""}, {""name"": ""Christopher Miller"", ""url"": ""https://www.filmaffinity.com/es/name.php?name-id=363843952""}]","[{""name"": ""Ryan Gosling"", ""url"": ""https://www.filmaffinity.com/es/name.php?name-id=766040752""}, {""name"": ""Sandra Hüller"", ""url"": ""https://www.filmaffinity.com/es/name.php?name-id=719063480""}, {""name"": ""Milana Vayntrub"", ""url"": ""https://www.filmaffinity.com/es/name.php?name-id=343599436""}, {""name"": ""Lionel Boyce"", ""url"": ""https://www.filmaffinity.com/es/name.php?name-id=881331330""}, {""name"": ""Ken Leung"", ""url"": ""https://www.filmaffinity.com/es/name.php?name-id=335483778""}]",7.3,,146,https://www.filmaffinity.com/es/cityTheaters.php?movie_id=240424,True,2026-03-20T09:53:39Z
858874,2026-03-27,Shelter: El protector,https://www.filmaffinity.com/es/film858874.html,https://pics.filmaffinity.com/shelter-235138105-large.jpg,107,2026,US,[],"En una remota isla, un hombre que vive en el exilio (Jason Statham) rescata a una niña de una peligrosa tempestad, lo ... [+]","[{""name"": ""Ric Roman Waugh"", ""url"": ""https://www.filmaffinity.com/es/name.php?name-id=520022683""}]","[{""name"": ""Jason Statham"", ""url"": ""https://www.filmaffinity.com/es/name.php?name-id=794775517""}, {""name"": ""Bill Nighy"", ""url"": ""https://www.filmaffinity.com/es/name.php?name-id=782167766""}, {""name"": ""Naomi Ackie"", ""url"": ""https://www.filmaffinity.com/es/name.php?name-id=493672764""}, {""name"": ""Daniel Mays"", ""url"": ""https://www.filmaffinity.com/es/name.php?name-id=424519841""}, {""name"": ""Harriet Walter"", ""url"": ""https://www.filmaffinity.com/es/name.php?name-id=460460234""}]",5.4,,70,https://www.filmaffinity.com/es/cityTheaters.php?movie_id=858874,True,2026-03-20T09:53:39Z
821495,2026-03-27,Te van a matar,https://www.filmaffinity.com/es/film821495.html,https://pics.filmaffinity.com/they_will_kill_you-681140728-large.jpg,94,2026,US,[],"Una mujer acepta un trabajo como ama de llaves en un rascacielos de Nueva York, sin conocer el historial de ... [+]","[{""name"": ""Kirill Sokolov"", ""url"": ""https://www.filmaffinity.com/es/name.php?name-id=880113839""}]","[{""name"": ""Zazie Beetz"", ""url"": ""https://www.filmaffinity.com/es/name.php?name-id=108081136""}, {""name"": ""Myha'la Herrold"", ""url"": ""https://www.filmaffinity.com/es/name.php?name-id=564902503""}, {""name"": ""Paterson Joseph"", ""url"": ""https://www.filmaffinity.com/es/name.php?name-id=766953864""}, {""name"": ""Tom Felton"", ""url"": ""https://www.filmaffinity.com/es/name.php?name-id=714829239""}, {""name"": ""Heather Graham"", ""url"": ""https://www.filmaffinity.com/es/name.php?name-id=506344133""}]",,,57,https://www.filmaffinity.com/es/cityTheaters.php?movie_id=821495,True,2026-03-20T09:53:39Z
319864,2026-03-27,Un altre home (Otro hombre),https://www.filmaffinity.com/es/film319864.html,https://pics.filmaffinity.com/un_altre_home_otro_hombre-234951375-large.jpg,100,2025,ES,[],"Marc y Eudald, una unión estable que aparentemente tiene una vida ordenada, se ven desestabilizados por la llegada ... [+]","[{""name"": ""David Moragas"", ""url"": ""https://www.filmaffinity.com/es/name.php?name-id=775762034""}]","[{""name"": ""Quim Àvila Conde"", ""url"": ""https://www.filmaffinity.com/es/name.php?name-id=231115573""}, {""name"": ""Lluís Marqués"", ""url"": ""https://www.filmaffinity.com/es/name.php?name-id=527869579""}, {""name"": ""Bruna Cusí"", ""url"": ""https://www.filmaffinity.com/es/name.php?name-id=607155113""}, {""name"": ""David Teixidó"", ""url"": ""https://www.filmaffinity.com/es/name.php?name-id=574071863""}, {""name"": ""Ramon Pujol"", ""url"": ""https://www.filmaffinity.com/es/name.php?name-id=715720406""}]",6.8,,,,True,2026-03-20T09:53:39Z
393543,2026-03-27,Yo te creo,https://www.filmaffinity.com/es/film393543.html,https://pics.filmaffinity.com/on_vous_croit-862570200-large.jpg,78,2025,BE,[],"Hoy, Alice se presenta ante el juez, sabiendo que no hay margen para el error. Debe hablar en nombre de sus hijos y ... [+]","[{""name"": ""Charlotte Devillers"", ""url"": ""https://www.filmaffinity.com/es/name.php?name-id=852529835""}, {""name"": ""Arnaud Dufeys"", ""url"": ""https://www.filmaffinity.com/es/name.php?name-id=589622417""}]","[{""name"": ""Myriem Akeddiou"", ""url"": ""https://www.filmaffinity.com/es/name.php?name-id=177861674""}, {""name"": ""Laurent Capelluto"", ""url"": ""https://www.filmaffinity.com/es/name.php?name-id=832418695""}, {""name"": ""Natali Broods"", ""url"": ""https://www.filmaffinity.com/es/name.php?name-id=180404175""}, {""name"": ""Ulysse Goffin"", ""url"": ""https://www.filmaffinity.com/es/name.php?name-id=370663150""}, {""name"": ""Adèle Pinckaers"", ""url"": ""https://www.filmaffinity.com/es/name.php?name-id=543925510""}]",7.1,,,,True,2026-03-20T09:53:39Z
984135,2026-04-01,Calle Málaga,https://www.filmaffinity.com/es/film984135.html,https://pics.filmaffinity.com/calle_malaga-474473414-large.jpg,116,2025,MA,[],"María Ángeles (Carmen Maura) es una española de 79 años que vive sola en Tánger, en el norte de Marruecos, donde ... [+]","[{""name"": ""Maryam Touzani"", ""url"": ""https://www.filmaffinity.com/es/name.php?name-id=478138827""}]","[{""name"": ""Carmen Maura"", ""url"": ""https://www.filmaffinity.com/es/name.php?name-id=346269784""}, {""name"": ""Marta Etura"", ""url"": ""https://www.filmaffinity.com/es/name.php?name-id=552758596""}, {""name"": ""Ahmed Boulane"", ""url"": ""https://www.filmaffinity.com/es/name.php?name-id=547994811""}, {""name"": ""María Alfonsa Rosso"", ""url"": ""https://www.filmaffinity.com/es/name.php?name-id=104846983""}, {""name"": ""Miguel Garcés"", ""url"": ""https://www.filmaffinity.com/es/name.php?name-id=507709937""}]",6.1,,9,https://www.filmaffinity.com/es/cityTheaters.php?movie_id=984135,True,2026-03-20T09:53:39Z
562510,2026-04-01,La Grazia,https://www.filmaffinity.com/es/film562510.html,https://pics.filmaffinity.com/la_grazia-586837932-large.jpg,133,2025,IT,[],"Mariano De Santis, presidente (ficiticio) de la República italiana, es un veterano político demócrata, humanista y ... [+]","[{""name"": ""Paolo Sorrentino"", ""url"": ""https://www.filmaffinity.com/es/name.php?name-id=282892762""}]","[{""name"": ""Toni Servillo"", ""url"": ""https://www.filmaffinity.com/es/name.php?name-id=100699028""}, {""name"": ""Anna Ferzetti"", ""url"": ""https://www.filmaffinity.com/es/name.php?name-id=529261376""}, {""name"": ""Orlando Cinque"", ""url"": ""https://www.filmaffinity.com/es/name.php?name-id=924536528""}, {""name"": ""Massimo Venturiello"", ""url"": ""https://www.filmaffinity.com/es/name.php?name-id=446429166""}, {""name"": ""Milvia Marigliano"", ""url"": ""https://www.filmaffinity.com/es/name.php?name-id=778939698""}]",7.2,,2,https://www.filmaffinity.com/es/cityTheaters.php?movie_id=562510,True,2026-03-20T09:53:39Z
305953,2026-04-01,Lapönia,https://www.filmaffinity.com/es/film305953.html,https://pics.filmaffinity.com/laponia-100791809-large.jpg,89,2026,ES,[],"Después de varios años sin celebrar las fiestas juntas, Nuria (Ángela Cervantes), asentada en Laponia junto a su marido ... [+]","[{""name"": ""David Serrano"", ""url"": ""https://www.filmaffinity.com/es/name.php?name-id=259357330""}]","[{""name"": ""Natalia Verbeke"", ""url"": ""https://www.filmaffinity.com/es/name.php?name-id=571659699""}, {""name"": ""Julián López"", ""url"": ""https://www.filmaffinity.com/es/name.php?name-id=912828419""}, {""name"": ""Àngela Cervantes"", ""url"": ""https://www.filmaffinity.com/es/name.php?name-id=212361541""}, {""name"": ""Vebjørn Enger"", ""url"": ""https://www.filmaffinity.com/es/name.php?name-id=130917196""}, {""name"": ""Blanca Ramírez"", ""url"": ""https://www.filmaffinity.com/es/name.php?name-id=984778045""}, {""name"": ""Adrián Gamiz"", ""url"": ""https://www.filmaffinity.com/es/name.php?name-id=451895783""}]",6.3,,1,https://www.filmaffinity.com/es/cityTheaters.php?movie_id=305953,True,2026-03-20T09:53:39Z
396681,2026-04-01,Noche de bodas 2,https://www.filmaffinity.com/es/film396681.html,https://pics.filmaffinity.com/ready_or_not_2_here_i_come-715095153-large.jpg,108,2026,US,[],"Momentos después de sobrevivir a un ataque de la familia Le Domas, Grace descubre que ha alcanzado el siguiente nivel ... [+]","[{""name"": ""Matt Bettinelli-Olpin"", ""url"": ""https://www.filmaffinity.com/es/name.php?name-id=121937541""}, {""name"": ""Tyler Gillett"", ""url"": ""https://www.filmaffinity.com/es/name.php?name-id=140455554""}]","[{""name"": ""Samara Weaving"", ""url"": ""https://www.filmaffinity.com/es/name.php?name-id=498820033""}, {""name"": ""Kathryn Newton"", ""url"": ""https://www.filmaffinity.com/es/name.php?name-id=938209411""}, {""name"": ""Sarah Michelle Gellar"", ""url"": ""https://www.filmaffinity.com/es/name.php?name-id=439093409""}, {""name"": ""Shawn Hatosy"", ""url"": ""https://www.filmaffinity.com/es/name.php?name-id=817674262""}, {""name"": ""David Cronenberg"", ""url"": ""https://www.filmaffinity.com/es/name.php?name-id=446980915""}]",,,,,True,2026-03-20T09:53:39Z
833222,2026-04-01,Super Mario Galaxy: La película,https://www.filmaffinity.com/es/film833222.html,https://pics.filmaffinity.com/the_super_mario_galaxy_movie-214748845-large.jpg,98,2026,US,[],"Secuela de ""Super Mario Bros: La película"", basada en la saga ""Mario Galaxy"". Los hermanos Mario y Luigi y la princesa ... [+]","[{""name"": ""Aaron Horvath"", ""url"": ""https://www.filmaffinity.com/es/name.php?name-id=920029448""}, {""name"": ""Michael Jelenic"", ""url"": ""https://www.filmaffinity.com/es/name.php?name-id=895417787""}]","[{""name"": ""Chris Pratt"", ""url"": ""https://www.filmaffinity.com/es/name.php?name-id=477214484""}, {""name"": ""Anya Taylor-Joy"", ""url"": ""https://www.filmaffinity.com/es/name.php?name-id=613008671""}, {""name"": ""Charlie Day"", ""url"": ""https://www.filmaffinity.com/es/name.php?name-id=893203969""}, {""name"": ""Jack Black"", ""url"": ""https://www.filmaffinity.com/es/name.php?name-id=868369583""}]",,,96,https://www.filmaffinity.com/es/cityTheaters.php?movie_id=833222,True,2026-03-20T09:53:39Z
622499,2026-04-10,Atrapando a un monstruo,https://www.filmaffinity.com/es/film622499.html,https://pics.filmaffinity.com/dust_bunny-713640584-large.jpg,106,2025,US,[],Una niña de ocho años pide ayuda a su intrigante vecino para matar al monstruo que hay debajo de su cama y que cree que se comió a su familia. [+],"[{""name"": ""Bryan Fuller"", ""url"": ""https://www.filmaffinity.com/es/name.php?name-id=803347797""}]","[{""name"": ""Mads Mikkelsen"", ""url"": ""https://www.filmaffinity.com/es/name.php?name-id=759430243""}, {""name"": ""Sophie Sloan"", ""url"": ""https://www.filmaffinity.com/es/name.php?name-id=902193462""}, {""name"": ""Sigourney Weaver"", ""url"": ""https://www.filmaffinity.com/es/name.php?name-id=460421360""}, {""name"": ""David Dastmalchian"", ""url"": ""https://www.filmaffinity.com/es/name.php?name-id=889159185""}, {""name"": ""Rebecca Henderson"", ""url"": ""https://www.filmaffinity.com/es/name.php?name-id=768843128""}]",5.6,,,,True,2026-03-20T09:53:39Z
346885,2026-04-10,Boulevard,https://www.filmaffinity.com/es/film346885.html,https://pics.filmaffinity.com/boulevard-709366089-large.jpg,,2026,ES,[],"Cuando Hasley (Eve Ryan) se muda a una nueva ciudad con su madre, lo último que espera es cruzarse con Luke (Mikel ... [+]","[{""name"": ""Sonia Méndez"", ""url"": ""https://www.filmaffinity.com/es/name.php?name-id=942569348""}]","[{""name"": ""Eve Ryan"", ""url"": ""https://www.filmaffinity.com/es/name.php?name-id=767032035""}, {""name"": ""Mikel Niso"", ""url"": ""https://www.filmaffinity.com/es/name.php?name-id=167636363""}, {""name"": ""Biel Antón"", ""url"": ""https://www.filmaffinity.com/es/name.php?name-id=130982702""}, {""name"": ""Enzo Oliver"", ""url"": ""https://www.filmaffinity.com/es/name.php?name-id=348057397""}, {""name"": ""Christian Checa"", ""url"": ""https://www.filmaffinity.com/es/name.php?name-id=289403061""}]",,,,,True,2026-03-20T09:53:39Z
191501,2026-04-10,Kill Bill: The Whole Bloody Affair,https://www.filmaffinity.com/es/film191501.html,https://pics.filmaffinity.com/kill_bill_the_whole_bloody_affair-455135213-large.jpg,275,2025,US,[],"Versión íntegra de más de cuatro horas de ""Kill Bill"", tal y como fue concebida originalmente, con una secuencia animada inédita. (FILMAFFINITY) [+]","[{""name"": ""Quentin Tarantino"", ""url"": ""https://www.filmaffinity.com/es/name.php?name-id=157018593""}]","[{""name"": ""Uma Thurman"", ""url"": ""https://www.filmaffinity.com/es/name.php?name-id=341669269""}, {""name"": ""Lucy Liu"", ""url"": ""https://www.filmaffinity.com/es/name.php?name-id=578989385""}, {""name"": ""Vivica A. Fox"", ""url"": ""https://www.filmaffinity.com/es/name.php?name-id=854733728""}, {""name"": ""Michael Madsen"", ""url"": ""https://www.filmaffinity.com/es/name.php?name-id=986795328""}, {""name"": ""Daryl Hannah"", ""url"": ""https://www.filmaffinity.com/es/name.php?name-id=346175331""}]",8.7,,6,https://www.filmaffinity.com/es/cityTheaters.php?movie_id=191501,True,2026-03-20T09:53:39Z
154374,2026-04-10,La buena hija,https://www.filmaffinity.com/es/film154374.html,https://pics.filmaffinity.com/la_buena_hija-406815809-large.jpg,101,2025,ES,[],"Tras la separación de sus padres, Carmela (Kiara Arancibia) y su madre (Janet Novás) se mudan a casa de su abuela (Petra ... [+]","[{""name"": ""Júlia de Paz"", ""url"": ""https://www.filmaffinity.com/es/name.php?name-id=233090794""}]","[{""name"": ""Kiara Arancibia"", ""url"": ""https://www.filmaffinity.com/es/name.php?name-id=590222579""}, {""name"": ""Janet Novás"", ""url"": ""https://www.filmaffinity.com/es/name.php?name-id=294153918""}, {""name"": ""Julián Villagrán"", ""url"": ""https://www.filmaffinity.com/es/name.php?name-id=692995160""}, {""name"": ""Petra Martínez"", ""url"": ""https://www.filmaffinity.com/es/name.php?name-id=977103810""}, {""name"": ""Anna Cerveró"", ""url"": ""https://www.filmaffinity.com/es/name.php?name-id=362208411""}]",7.0,,,,True,2026-03-20T09:53:39Z
188826,2026-04-10,No te olvidaré,https://www.filmaffinity.com/es/film188826.html,https://pics.filmaffinity.com/reminders_of_him-219584202-large.jpg,114,2026,US,[],"Tras salir de la cárcel, Kenna intenta volver a conectar con su hija pequeña, pero se enfrenta a la resistencia de todo ... [+]","[{""name"": ""Vanessa Caswill"", ""url"": ""https://www.filmaffinity.com/es/name.php?name-id=823520715""}]","[{""name"": ""Maika Monroe"", ""url"": ""https://www.filmaffinity.com/es/name.php?name-id=399441710""}, {""name"": ""Tyriq Withers"", ""url"": ""https://www.filmaffinity.com/es/name.php?name-id=532954588""}, {""name"": ""Bradley Whitford"", ""url"": ""https://www.filmaffinity.com/es/name.php?name-id=542508226""}, {""name"": ""Lauren Graham"", ""url"": ""https://www.filmaffinity.com/es/name.php?name-id=701394567""}, {""name"": ""Nicholas Duvernay"", ""url"": ""https://www.filmaffinity.com/es/name.php?name-id=394069230""}]",,,,,True,2026-03-20T09:53:39Z
